user_id,full name,email,phone,password,registration_date,last_login,full_name
Maya,,mayabb@gmail.com,3349837736,Maya123,2026-05-06 13:23:43,,Maya BB
Maya1,,mayabb4@gmail.com,3343242343,Maya1234,2026-05-07 09:30:35,,Maya A
Rida1235,,abc@gmail.com,3340250718,abcd,2026-05-07 10:00:30,,Rida Ahmed
Rida12354,,abc@gmail.com,3340250718,abcd,2026-05-07 10:03:37,,Rida Ahmed
Rida123546,,abc@gmail.com,3340250718,abcd,2026-05-07 10:06:23,,Rida Ahmed
Rida1235465,,abc@gmail.com,3340250718,abcd,2026-05-07 10:08:18,,Rida Ahmed
Rida12354652,,abc@gmail.com,3340250718,abcd,2026-05-07 10:09:37,,Rida Ahmed
Rida123546521,,abc@gmail.com,3340250718,abcd,2026-05-07 10:11:47,,Rida Ahmed
Rida1235465217,,abc@gmail.com,3340250718,abcd,2026-05-07 10:13:27,,Rida Ahmed
Rida12354652177,,abc@gmail.com,3340250718,abcd,2026-05-07 10:15:11,,Rida Ahmed
RiRi,,abc@gmail.com,3274723984,123gh,2026-05-07 12:17:23,,RidaA
RIAH12,,meme@gmail.com,3178865405,Riri12,2026-05-07 12:19:10,,Rida Ahmed
Rida1239,,abc@gmail.com,3340250718,abcd,2026-05-07 12:33:10,,Rida Ahmed
